resultId,raceId,driverId,constructorId,number,grid,position,positionText,positionOrder,points,laps,time,milliseconds,fastestLap,fastestLapTime,statusId,rank
1,1061,830,9,33,2,1,1,1,3,17,25:38.426,1538426,14,1:30.013,1,\N
2,1061,1,131,44,1,2,2,2,2,17,+1.430,1539856,17,1:29.937,1,\N
3,1061,822,131,77,3,3,3,3,1,17,+7.502,1545928,17,1:29.958,1,\N
4,1061,844,6,16,4,4,4,4,0,17,+11.278,1549704,16,1:30.163,1,\N
5,1061,846,1,4,6,5,5,5,0,17,+24.111,1562537,16,1:30.566,1,\N
6,1061,817,1,3,7,6,6,6,0,17,+30.959,1569385,17,1:30.640,1,\N
7,1061,4,214,14,11,7,7,7,0,17,+43.527,1581953,17,1:31.773,1,\N
8,1061,20,117,5,10,8,8,8,0,17,+44.439,1582865,17,1:31.687,1,\N
9,1061,847,3,63,8,9,9,9,0,17,+46.652,1585078,17,1:32.208,1,\N
10,1061,839,214,31,13,10,10,10,0,17,+47.395,1585821,16,1:32.183,1,\N
11,1061,832,6,55,9,11,11,11,0,17,+47.798,1586224,10,1:31.991,1,\N
12,1061,842,213,10,12,12,12,12,0,17,+48.763,1587189,17,1:32.072,1,\N
13,1061,8,51,7,17,13,13,13,0,17,+50.677,1589103,12,1:32.139,1,\N
14,1061,840,117,18,15,14,14,14,0,17,+52.179,1590605,12,1:32.210,1,\N
15,1061,841,51,99,14,15,15,15,0,17,+53.225,1591651,14,1:32.457,1,\N
16,1061,852,213,22,16,16,16,16,0,17,+53.567,1591993,14,1:32.270,1,\N
17,1061,849,3,6,18,17,17,17,0,17,+55.162,1593588,17,1:32.143,1,\N
18,1061,854,210,47,19,18,18,18,0,17,+1:08.213,1606639,15,1:32.567,1,\N
19,1061,853,210,9,20,19,19,19,0,17,+1:17.648,1616074,3,1:33.462,1,\N
20,1061,815,9,11,5,\N,R,20,0,16,\N,\N,6,1:31.465,76,\N
21,1065,822,131,77,1,1,1,1,3,18,27:54.078,1674078,9,1:23.540,1,\N
22,1065,830,9,33,3,2,2,2,2,18,+2.325,1676403,9,1:23.502,1,\N
23,1065,817,1,3,5,3,3,3,1,18,+14.534,1688612,17,1:24.291,1,\N
24,1065,846,1,4,4,4,4,4,0,18,+18.835,1692913,9,1:24.554,1,\N
25,1065,1,131,44,2,5,5,5,0,18,+20.011,1694089,9,1:24.253,1,\N
26,1065,844,6,16,8,6,6,6,0,18,+23.442,1697520,18,1:24.677,1,\N
27,1065,832,6,55,7,7,7,7,0,18,+27.952,1702030,8,1:24.918,1,\N
28,1065,841,51,99,10,8,8,8,0,18,+31.089,1705167,10,1:25.126,1,\N
29,1065,815,9,11,9,9,9,9,0,18,+31.680,1705758,12,1:24.211,1,\N
30,1065,840,117,18,12,10,10,10,0,18,+38.671,1712749,8,1:25.349,1,\N
31,1065,4,214,14,13,11,11,11,0,18,+39.795,1713873,8,1:25.225,1,\N
32,1065,20,117,5,11,12,12,12,0,18,+41.177,1715255,8,1:25.493,1,\N
33,1065,839,214,31,14,13,13,13,0,18,+43.373,1717451,8,1:25.613,1,\N
34,1065,849,3,6,16,14,14,14,0,18,+45.977,1720055,9,1:25.711,1,\N
35,1065,847,3,63,15,15,15,15,0,18,+46.821,1720899,15,1:25.835,1,\N
36,1065,852,213,22,17,16,16,16,0,18,+49.977,1724055,18,1:25.847,1,\N
37,1065,853,210,9,20,17,17,17,0,18,+1:02.599,1736677,7,1:26.613,1,\N
38,1065,9,51,88,19,18,18,18,0,18,+1:05.096,1739174,12,1:26.772,1,\N
39,1065,854,210,47,18,19,19,19,0,18,+1:06.154,1740232,7,1:26.819,1,\N
40,1065,842,213,10,6,\N,R,20,0,0,\N,\N,\N,\N,3,\N
41,1071,822,131,77,2,1,1,1,3,24,29:09.559,1749559,8,1:12.300,1,\N
42,1071,830,9,33,1,2,2,2,2,24,+1.170,1750729,9,1:12.114,1,\N
43,1071,832,6,55,5,3,3,3,1,24,+18.723,1768282,13,1:13.167,1,\N
44,1071,815,9,11,3,4,4,4,0,24,+19.787,1769346,13,1:13.110,1,\N
45,1071,1,131,44,20,5,5,5,0,24,+20.872,1770431,5,1:12.357,1,\N
46,1071,846,1,4,7,6,6,6,0,24,+22.558,1772117,8,1:12.994,1,\N
47,1071,844,6,16,6,7,7,7,0,24,+25.056,1774615,4,1:13.140,1,\N
48,1071,842,213,10,4,8,8,8,0,24,+34.158,1783717,4,1:13.342,1,\N
49,1071,839,214,31,10,9,9,9,0,24,+34.632,1784191,11,1:13.615,1,\N
50,1071,20,117,5,11,10,10,10,0,24,+34.867,1784426,5,1:13.558,1,\N
51,1071,817,1,3,8,11,11,11,0,24,+35.869,1785428,9,1:13.463,1,\N
52,1071,4,214,14,9,12,12,12,0,24,+36.578,1786137,4,1:13.397,1,\N
53,1071,841,51,99,14,13,13,13,0,24,+41.880,1791439,11,1:13.627,1,\N
54,1071,840,117,18,15,14,14,14,0,24,+44.037,1793596,9,1:13.666,1,\N
55,1071,852,213,22,12,15,15,15,0,24,+46.150,1795709,11,1:13.747,1,\N
56,1071,849,3,6,16,16,16,16,0,24,+46.760,1796319,7,1:13.934,1,\N
57,1071,847,3,63,17,17,17,17,0,24,+47.739,1797298,14,1:14.056,1,\N
58,1071,8,51,7,13,18,18,18,0,24,+50.014,1799573,9,1:13.900,1,\N
59,1071,854,210,47,18,19,19,19,0,24,+1:01.680,1811239,9,1:14.387,1,\N
60,1071,853,210,9,19,20,20,20,0,24,+1:07.474,1817033,6,1:14.583,1,\N
61,1077,830,9,1,1,1,1,1,8,21,30:39.567,1839567,14,1:19.154,1,\N
62,1077,844,6,16,2,2,2,2,7,21,+2.975,1842542,11,1:19.044,1,\N
63,1077,815,9,11,7,3,3,3,6,21,+4.721,1844288,14,1:19.012,1,\N
64,1077,832,6,55,10,4,4,4,5,21,+17.578,1857145,14,1:19.251,1,\N
65,1077,846,1,4,3,5,5,5,4,21,+24.561,1864128,9,1:20.030,1,\N
66,1077,817,1,3,6,6,6,6,3,21,+27.740,1867307,12,1:20.328,1,\N
67,1077,822,51,77,8,7,7,7,2,21,+28.133,1867700,9,1:20.219,1,\N
68,1077,825,210,20,4,8,8,8,1,21,+30.712,1870279,6,1:20.557,1,\N
69,1077,4,214,14,5,9,9,9,0,21,+32.278,1871845,10,1:20.639,1,\N
70,1077,854,210,47,12,10,10,10,0,21,+33.773,1873340,15,1:20.567,1,\N
71,1077,847,131,63,11,11,11,11,0,21,+36.284,1875851,19,1:20.756,1,\N
72,1077,852,213,22,16,12,12,12,0,21,+38.298,1877865,20,1:20.909,1,\N
73,1077,20,117,5,9,13,13,13,0,21,+40.177,1879744,8,1:21.044,1,\N
74,1077,1,131,44,13,14,14,14,0,21,+41.459,1881026,9,1:20.663,1,\N
75,1077,840,117,18,15,15,15,15,0,21,+42.910,1882477,14,1:20.948,1,\N
76,1077,839,214,31,19,16,16,16,0,21,+43.517,1883084,14,1:20.995,1,\N
77,1077,842,213,10,17,17,17,17,0,21,+43.794,1883361,18,1:20.599,1,\N
78,1077,848,3,23,20,18,18,18,0,21,+48.871,1888438,14,1:21.020,1,\N
79,1077,849,3,6,18,19,19,19,0,21,+52.017,1891584,16,1:21.437,1,\N
80,1077,855,51,24,0,\N,R,20,0,0,\N,\N,\N,\N,31,\N
81,1084,830,9,1,1,1,1,1,8,23,26:30.059,1590059,5,1:08.455,1,\N
82,1084,844,6,16,2,2,2,2,7,23,+1.675,1591734,4,1:08.321,1,\N
83,1084,832,6,55,3,3,3,3,6,23,+5.644,1595703,4,1:08.409,1,\N
84,1084,847,131,63,4,4,4,4,5,23,+13.429,1603488,4,1:08.979,1,\N
85,1084,815,9,11,13,5,5,5,4,23,+18.302,1608361,14,1:09.137,1,\N
86,1084,839,214,31,5,6,6,6,3,23,+31.032,1621091,4,1:09.384,1,\N
87,1084,825,210,20,6,7,7,7,2,23,+34.539,1624598,4,1:09.232,1,\N
88,1084,1,131,44,9,8,8,8,1,23,+35.447,1625506,7,1:09.516,1,\N
89,1084,854,210,47,7,9,9,9,0,23,+37.163,1627222,4,1:09.457,1,\N
90,1084,822,51,77,12,10,10,10,0,23,+37.557,1627616,4,1:09.674,1,\N
91,1084,846,1,4,15,11,11,11,0,23,+38.580,1628639,8,1:09.909,1,\N
92,1084,817,1,3,16,12,12,12,0,23,+39.738,1629797,8,1:09.996,1,\N
93,1084,840,117,18,17,13,13,13,0,23,+48.241,1638300,4,1:10.295,1,\N
94,1084,855,51,24,18,14,14,14,0,23,+50.753,1640812,11,1:10.165,1,\N
95,1084,842,213,10,10,15,15,15,0,23,+52.125,1642184,4,1:10.409,1,\N
96,1084,848,3,23,11,16,16,16,0,23,+52.412,1642471,5,1:10.367,1,\N
97,1084,852,213,22,14,17,17,17,0,23,+54.556,1644615,4,1:10.267,1,\N
98,1084,849,3,6,19,18,18,18,0,23,+1:08.694,1658753,4,1:10.284,1,\N
99,1084,20,117,5,20,19,19,19,0,21,\N,\N,4,1:10.317,130,\N
100,1084,4,214,14,8,\N,N,20,0,0,\N,\N,\N,\N,10,\N
101,1095,847,131,63,3,1,1,1,8,24,30:11.307,1811307,4,1:14.233,1,\N
102,1095,832,6,55,5,2,2,2,7,24,+3.995,1815302,2,1:14.522,1,\N
103,1095,1,131,44,8,3,3,3,6,24,+4.492,1815799,3,1:14.317,1,\N
104,1095,830,9,1,2,4,4,4,5,24,+10.494,1821801,5,1:14.507,1,\N
105,1095,815,9,11,9,5,5,5,4,24,+11.855,1823162,5,1:14.699,1,\N
106,1095,844,6,16,10,6,6,6,3,24,+13.133,1824440,4,1:15.236,1,\N
107,1095,846,1,4,4,7,7,7,2,24,+25.624,1836931,4,1:15.380,1,\N
108,1095,825,210,20,1,8,8,8,1,24,+28.768,1840075,2,1:15.110,1,\N
109,1095,20,117,5,13,9,9,9,0,24,+30.218,1841525,4,1:15.451,1,\N
110,1095,842,213,10,12,10,10,10,0,24,+34.170,1845477,3,1:15.290,1,\N
111,1095,817,1,3,14,11,11,11,0,24,+39.395,1850702,5,1:15.385,1,\N
112,1095,854,210,47,20,12,12,12,0,24,+41.159,1852466,5,1:15.771,1,\N
113,1095,855,51,24,17,13,13,13,0,24,+41.763,1853070,7,1:15.765,1,\N
114,1095,822,51,77,18,14,14,14,0,24,+42.338,1853645,8,1:15.980,1,\N
115,1095,852,213,22,19,15,15,15,0,24,+50.306,1861613,4,1:16.413,1,\N
116,1095,840,117,18,15,16,16,16,0,24,+50.700,1862007,4,1:15.425,1,\N
117,1095,839,214,31,6,17,17,17,0,24,+51.756,1863063,5,1:16.097,1,\N
118,1095,4,214,14,7,18,18,18,0,24,+53.985,1865292,5,1:14.764,1,\N
119,1095,849,3,6,16,19,19,19,0,24,+1:16.850,1888157,4,1:16.525,1,\N
120,1095,848,3,23,11,\N,R,20,0,12,\N,\N,4,1:15.998,31,\N
121,1101,815,9,11,2,1,1,1,8,17,33:17.667,1997667,11,1:43.616,1,\N
122,1101,844,6,16,1,2,2,2,7,17,+4.463,2002130,12,1:43.646,1,\N
123,1101,830,9,1,3,3,3,3,6,17,+5.065,2002732,10,1:43.723,1,\N
124,1101,847,131,63,4,4,4,4,5,17,+3.467,2001134,10,1:44.409,1,\N
125,1101,832,6,55,5,5,5,5,4,17,+10.388,2008055,11,1:44.398,1,\N
126,1101,4,117,14,8,6,6,6,3,17,+11.613,2009280,12,1:44.544,1,\N
127,1101,1,131,44,6,7,7,7,2,17,+4.890,2002557,8,1:44.601,1,\N
128,1101,840,117,18,9,8,8,8,1,17,+18.417,2016084,14,1:44.855,1,\N
129,1101,848,3,23,7,9,9,9,0,17,+21.757,2019424,10,1:44.915,1,\N
130,1101,857,1,81,11,10,10,10,0,17,+22.851,2020518,8,1:44.776,1,\N
131,1101,825,210,20,13,11,11,11,0,17,+27.990,2025657,14,1:45.349,1,\N
132,1101,855,51,24,14,12,12,12,0,17,+34.602,2032269,16,1:45.766,1,\N
133,1101,842,214,10,17,13,13,13,0,17,+36.918,2034585,12,1:45.883,1,\N
134,1101,856,213,21,18,14,14,14,0,17,+41.626,2039293,17,1:45.768,1,\N
135,1101,807,210,27,12,15,15,15,0,17,+48.587,2046254,8,1:45.971,1,\N
136,1101,822,51,77,15,16,16,16,0,17,+49.917,2047584,9,1:46.277,1,\N
137,1101,846,1,4,10,17,17,17,0,17,+51.104,2048771,15,1:44.484,1,\N
138,1101,839,214,31,0,18,18,18,0,17,+1:00.621,2058288,15,1:45.090,1,\N
139,1101,852,213,22,16,\N,R,19,0,2,\N,\N,\N,\N,130,\N
140,1101,858,3,2,0,\N,W,20,0,0,\N,\N,\N,\N,3,\N
141,1107,830,9,1,1,1,1,1,8,24,30:26.730,1826730,19,1:14.292,1,\N
142,1107,815,9,11,2,2,2,2,7,24,+21.048,1847778,16,1:15.492,1,\N
143,1107,832,6,55,5,3,3,3,6,24,+23.088,1849818,16,1:15.457,1,\N
144,1107,840,117,18,7,4,4,4,5,24,+29.703,1856433,23,1:15.531,1,\N
145,1107,4,117,14,6,5,5,5,4,24,+30.109,1856839,18,1:14.978,1,\N
146,1107,807,210,27,4,6,6,6,3,24,+31.297,1858027,24,1:10.180,1,\N
147,1107,839,214,31,8,7,7,7,2,24,+36.602,1863332,22,1:15.512,1,\N
148,1107,847,131,63,15,8,8,8,1,24,+36.611,1863341,23,1:10.385,1,\N
149,1107,846,1,4,3,9,9,9,0,24,+38.608,1865338,19,1:15.627,1,\N
150,1107,1,131,44,18,10,10,10,0,24,+46.375,1873105,24,1:10.775,1,\N
151,1107,857,1,81,17,11,11,11,0,24,+49.807,1876537,24,1:10.274,1,\N
152,1107,844,6,16,9,12,12,12,0,24,+50.789,1877519,24,1:10.686,1,\N
153,1107,848,3,23,11,13,13,13,0,24,+52.848,1879578,24,1:11.635,1,\N
154,1107,825,210,20,10,14,14,14,0,24,+56.593,1883323,23,1:10.539,1,\N
155,1107,842,214,10,12,15,15,15,0,24,+57.652,1884382,22,1:16.109,1,\N
156,1107,852,213,22,13,16,16,16,0,24,+1:04.822,1891552,23,1:11.363,1,\N
157,1107,856,213,21,14,17,17,17,0,24,+1:05.617,1892347,22,1:11.701,1,\N
158,1107,858,3,2,20,18,18,18,0,24,+1:06.059,1892789,21,1:11.829,1,\N
159,1107,855,51,24,16,19,19,19,0,24,+1:10.825,1897555,22,1:11.305,1,\N
160,1107,822,51,77,0,20,20,20,0,24,+1:16.435,1903165,22,1:16.758,1,\N
161,1110,830,9,1,1,1,1,1,8,11,24:58.433,1498433,6,1:58.943,1,\N
162,1110,857,1,81,2,2,2,2,7,11,+6.677,1505110,2,2:00.360,1,\N
163,1110,842,214,10,6,3,3,3,6,11,+10.733,1509166,6,2:01.857,1,\N
164,1110,832,6,55,3,4,4,4,5,11,+12.648,1511081,7,2:01.472,1,\N
165,1110,844,6,16,4,5,5,5,4,11,+15.016,1513449,7,2:02.635,1,\N
166,1110,846,1,4,5,6,6,6,3,11,+16.052,1514485,8,2:02.085,1,\N
167,1110,1,131,44,7,7,7,7,2,11,+16.757,1515190,7,2:00.920,1,\N
168,1110,847,131,63,10,8,8,8,1,11,+16.822,1515255,10,2:01.935,1,\N
169,1110,839,214,31,9,9,9,9,0,11,+22.410,1520843,6,2:03.061,1,\N
170,1110,817,213,3,11,10,10,10,0,11,+22.806,1521239,8,2:02.967,1,\N
171,1110,840,117,18,14,11,11,11,0,11,+25.007,1523440,6,2:03.356,1,\N
172,1110,848,3,23,12,12,12,12,0,11,+26.303,1524736,6,2:03.674,1,\N
173,1110,822,51,77,17,13,13,13,0,11,+27.006,1525439,6,2:03.595,1,\N
174,1110,825,210,20,18,14,14,14,0,11,+32.986,1531419,6,2:03.965,1,\N
175,1110,855,51,24,19,15,15,15,0,11,+36.342,1534775,6,2:04.760,1,\N
176,1110,858,3,2,13,16,16,16,0,11,+37.571,1536004,6,2:03.482,1,\N
177,1110,807,210,27,20,17,17,17,0,11,+37.827,1536260,6,2:03.472,1,\N
178,1110,852,213,22,16,18,18,18,0,11,+39.267,1537700,7,2:02.080,1,\N
179,1110,815,9,11,8,\N,R,19,0,8,\N,\N,2,2:02.516,130,\N
180,1110,4,117,14,15,\N,R,20,0,2,\N,\N,\N,\N,3,\N
181,1115,857,1,81,1,1,1,1,8,19,35:01.297,2101297,17,1:25.926,1,\N
182,1115,830,9,1,3,2,2,2,7,19,+1.871,2103168,17,1:25.604,1,\N
183,1115,846,1,4,2,3,3,3,6,19,+8.497,2109794,19,1:25.662,1,\N
184,1115,847,131,63,4,4,4,4,5,19,+11.036,2112333,18,1:27.220,1,\N
185,1115,1,131,44,12,5,5,5,4,19,+17.314,2118611,19,1:27.968,1,\N
186,1115,832,6,55,5,6,6,6,3,19,+18.806,2120103,7,1:28.644,1,\N
187,1115,848,3,23,17,7,7,7,2,19,+19.864,2121161,16,1:28.717,1,\N
188,1115,4,117,14,9,8,8,8,1,19,+21.180,2122477,16,1:28.717,1,\N
189,1115,842,214,10,11,9,9,9,0,19,+21.742,2123039,16,1:28.769,1,\N
190,1115,822,51,77,13,10,10,10,0,19,+22.208,2123505,17,1:29.017,1,\N
191,1115,852,213,22,18,11,11,11,0,19,+22.863,2124160,17,1:29.381,1,\N
192,1115,844,6,16,6,12,12,12,0,19,+24.860,2126157,8,1:28.759,1,\N
193,1115,840,117,18,16,13,13,13,0,19,+24.523,2125820,17,1:29.536,1,\N
194,1115,825,210,20,19,14,14,14,0,19,+24.970,2126267,17,1:29.560,1,\N
195,1115,855,51,24,15,15,15,15,0,19,+26.868,2128165,17,1:29.553,1,\N
196,1115,807,210,27,7,\N,R,16,0,11,\N,\N,9,1:29.307,31,\N
197,1115,839,214,31,10,\N,R,17,0,10,\N,\N,8,1:29.388,31,\N
198,1115,815,9,11,8,\N,R,18,0,10,\N,\N,9,1:28.584,31,\N
199,1115,858,3,2,20,\N,R,19,0,2,\N,\N,2,2:03.562,31,\N
200,1115,859,213,40,14,\N,R,20,0,0,\N,\N,\N,\N,31,\N
201,1116,830,9,1,1,1,1,1,8,19,31:30.849,1890849,2,1:39.060,1,\N
202,1116,1,131,44,3,2,2,2,7,19,+9.465,1900314,3,1:39.138,1,\N
203,1116,844,6,16,2,3,3,3,6,19,+17.987,1908836,3,1:39.634,1,\N
204,1116,846,1,4,4,4,4,4,5,19,+18.863,1909712,15,1:39.795,1,\N
205,1116,815,9,11,7,5,5,5,4,19,+22.928,1913777,6,1:39.824,1,\N
206,1116,832,6,55,6,6,6,6,3,19,+28.307,1919156,5,1:40.223,1,\N
207,1116,842,214,10,9,7,7,7,2,19,+32.403,1923252,5,1:40.155,1,\N
208,1116,847,131,63,11,8,8,8,1,19,+34.250,1925099,10,1:40.253,1,\N
209,1116,848,3,23,8,9,9,9,0,19,+34.567,1925416,17,1:40.094,1,\N
210,1116,857,1,81,5,10,10,10,0,19,+42.403,1933252,16,1:41.037,1,\N
211,1116,839,214,31,13,11,11,11,0,19,+44.986,1935835,15,1:41.013,1,\N
212,1116,817,213,3,10,12,12,12,0,19,+45.509,1936358,14,1:40.434,1,\N
213,1116,4,117,14,12,13,13,13,0,19,+49.086,1939935,16,1:40.805,1,\N
214,1116,852,213,22,19,14,14,14,0,19,+49.733,1940582,17,1:40.632,1,\N
215,1116,807,210,27,16,15,15,15,0,19,+56.650,1947499,18,1:41.232,1,\N
216,1116,822,51,77,18,16,16,16,0,19,+1:04.401,1955250,18,1:41.503,1,\N
217,1116,855,51,24,15,17,17,17,0,19,+1:07.972,1958821,18,1:41.595,1,\N
218,1116,825,210,20,17,18,18,18,0,19,+1:11.122,1961971,3,1:41.699,1,\N
219,1116,858,3,2,20,19,19,19,0,19,+1:11.449,1962298,6,1:41.947,1,\N
220,1116,840,117,18,14,\N,R,20,0,16,\N,\N,5,1:41.460,23,\N
221,1118,830,9,1,2,1,1,1,8,24,30:07.209,1807209,3,1:14.540,1,\N
222,1118,846,1,4,1,2,2,2,7,24,+4.287,1811496,3,1:14.647,1,\N
223,1118,815,9,11,3,3,3,3,6,24,+13.617,1820826,2,1:15.008,1,\N
224,1118,847,131,63,4,4,4,4,5,24,+25.879,1833088,2,1:14.422,1,\N
225,1118,844,6,16,7,5,5,5,4,24,+28.560,1835769,3,1:15.411,1,\N
226,1118,852,213,22,6,6,6,6,3,24,+29.210,1836419,2,1:15.532,1,\N
227,1118,1,131,44,5,7,7,7,2,24,+34.726,1841935,2,1:15.276,1,\N
228,1118,832,6,55,9,8,8,8,1,24,+35.106,1842315,3,1:15.362,1,\N
229,1118,817,213,3,8,9,9,9,0,24,+35.303,1842512,2,1:15.460,1,\N
230,1118,857,1,81,10,10,10,10,0,24,+38.219,1845428,2,1:15.463,1,\N
231,1118,4,117,14,15,11,11,11,0,24,+39.061,1846270,4,1:15.477,1,\N
232,1118,840,117,18,17,12,12,12,0,24,+39.478,1846687,3,1:15.467,1,\N
233,1118,842,214,10,13,13,13,13,0,24,+40.621,1847830,3,1:15.209,1,\N
234,1118,839,214,31,16,14,14,14,0,24,+42.848,1850057,3,1:15.536,1,\N
235,1118,848,3,23,19,15,15,15,0,24,+43.394,1850603,3,1:15.598,1,\N
236,1118,825,210,20,11,16,16,16,0,24,+56.507,1863716,3,1:15.464,1,\N
237,1118,855,51,24,18,17,17,17,0,24,+58.723,1865932,3,1:15.837,1,\N
238,1118,807,210,27,12,18,18,18,0,24,+1:00.330,1867539,3,1:15.472,1,\N
239,1118,822,51,77,14,19,19,19,0,24,+1:00.749,1867958,3,1:15.738,1,\N
240,1118,858,3,2,20,20,20,20,0,24,+1:00.945,1868154,4,1:15.496,1,\N
241,1125,830,9,1,4,1,1,1,8,19,32:04.660,1924660,3,1:40.331,1,\N
242,1125,1,131,44,2,2,2,2,7,19,+13.043,1937703,3,1:40.420,1,\N
243,1125,815,9,11,6,3,3,3,6,19,+15.258,1939918,4,1:41.065,1,\N
244,1125,844,6,16,7,4,4,4,5,19,+17.486,1942146,4,1:41.003,1,\N
245,1125,832,6,55,5,5,5,5,4,19,+20.696,1945356,4,1:40.962,1,\N
246,1125,846,1,4,1,6,6,6,3,19,+22.088,1946748,4,1:40.951,1,\N
247,1125,857,1,81,8,7,7,7,2,19,+24.713,1949373,3,1:41.107,1,\N
248,1125,847,131,63,11,8,8,8,1,19,+25.696,1950356,5,1:41.505,1,\N
249,1125,855,15,24,10,9,9,9,0,19,+31.951,1956611,4,1:41.502,1,\N
250,1125,825,210,20,12,10,10,10,0,19,+37.398,1962058,5,1:42.092,1,\N
251,1125,817,215,3,14,11,11,11,0,19,+37.840,1962500,6,1:42.234,1,\N
252,1125,822,15,77,9,12,12,12,0,19,+38.295,1962955,6,1:42.140,1,\N
253,1125,839,214,31,17,13,13,13,0,19,+39.841,1964501,4,1:42.191,1,\N
254,1125,840,117,18,15,14,14,14,0,19,+40.299,1964959,5,1:42.258,1,\N
255,1125,842,214,10,16,15,15,15,0,19,+40.838,1965498,4,1:42.017,1,\N
256,1125,852,215,22,19,16,16,16,0,19,+41.870,1966530,4,1:42.056,1,\N
257,1125,848,3,23,18,17,17,17,0,19,+42.998,1967658,8,1:42.389,1,\N
258,1125,858,3,2,20,18,18,18,0,19,+46.352,1971012,7,1:42.516,1,\N
259,1125,807,210,27,13,19,19,19,0,19,+49.630,1974290,5,1:42.315,1,\N
260,1125,4,117,14,3,20,20,20,0,17,\N,\N,3,1:40.537,31,\N
261,1126,830,9,1,1,1,1,1,8,19,31:31.383,1891383,4,1:30.415,1,\N
262,1126,844,6,16,2,2,2,2,7,19,+3.371,1894754,4,1:30.807,1,\N
263,1126,815,9,11,3,3,3,3,6,19,+5.095,1896478,19,1:30.921,1,\N
264,1126,817,215,3,4,4,4,4,5,19,+14.971,1906354,4,1:31.505,1,\N
265,1126,832,6,55,5,5,5,5,4,19,+15.222,1906605,17,1:31.568,1,\N
266,1126,857,1,81,6,6,6,6,3,19,+15.750,1907133,19,1:31.393,1,\N
267,1126,807,210,27,10,7,7,7,2,19,+22.054,1913437,8,1:31.963,1,\N
268,1126,852,215,22,15,8,8,8,1,19,+29.816,1921199,16,1:31.844,1,\N
269,1126,842,214,10,16,9,9,9,0,19,+31.880,1923263,6,1:32.148,1,\N
270,1126,858,3,2,18,10,10,10,0,19,+34.355,1925738,6,1:32.192,1,\N
271,1126,855,15,24,17,11,11,11,0,19,+35.078,1926461,7,1:32.131,1,\N
272,1126,847,131,63,11,12,12,12,0,19,+35.755,1927138,8,1:32.173,1,\N
273,1126,848,3,23,20,13,13,13,0,19,+36.086,1927469,6,1:32.223,1,\N
274,1126,822,15,77,19,14,14,14,0,19,+36.892,1928275,7,1:32.462,1,\N
275,1126,839,214,31,13,15,15,15,0,19,+37.740,1929123,19,1:32.218,1,\N
276,1126,1,131,44,12,16,16,16,0,19,+49.347,1940730,16,1:31.830,1,\N
277,1126,4,117,14,8,17,17,17,0,19,+59.409,1950792,7,1:32.355,1,\N
278,1126,825,210,20,14,18,18,18,0,19,+1:06.303,1957686,5,1:32.113,1,\N
279,1126,840,117,18,7,19,19,19,0,1,\N,\N,\N,\N,31,\N
280,1126,846,1,4,9,20,20,20,0,0,\N,\N,\N,\N,31,\N
281,1131,830,9,1,1,1,1,1,8,23,26:41.389,1601389,8,1:09.013,1,\N
282,1131,857,1,81,3,2,2,2,7,23,+4.616,1606005,2,1:08.980,1,\N
283,1131,846,1,4,2,3,3,3,6,23,+5.348,1606737,2,1:08.935,1,\N
284,1131,847,131,63,4,4,4,4,5,23,+8.354,1609743,4,1:09.194,1,\N
285,1131,832,6,55,5,5,5,5,4,23,+9.989,1611378,4,1:09.121,1,\N
286,1131,1,131,44,6,6,6,6,3,23,+11.207,1612596,5,1:09.265,1,\N
287,1131,844,6,16,10,7,7,7,2,23,+13.424,1614813,5,1:09.352,1,\N
288,1131,815,9,11,7,8,8,8,1,23,+17.409,1618798,4,1:09.420,1,\N
289,1131,825,210,20,11,9,9,9,0,23,+24.067,1625456,13,1:09.942,1,\N
290,1131,840,117,18,12,10,10,10,0,23,+30.175,1631564,11,1:10.260,1,\N
291,1131,839,214,31,8,11,11,11,0,23,+30.839,1632228,9,1:10.254,1,\N
292,1131,842,214,10,9,12,12,12,0,23,+31.308,1632697,10,1:10.168,1,\N
293,1131,852,215,22,14,13,13,13,0,23,+35.452,1636841,5,1:10.363,1,\N
294,1131,817,215,3,16,14,14,14,0,23,+39.397,1640786,5,1:10.480,1,\N
295,1131,4,117,14,13,15,15,15,0,23,+43.155,1644544,5,1:10.393,1,\N
296,1131,858,3,2,15,16,16,16,0,23,+44.076,1645465,6,1:10.488,1,\N
297,1131,848,3,23,0,17,17,17,0,23,+44.673,1646062,8,1:10.562,1,\N
298,1131,822,15,77,18,18,18,18,0,23,+46.511,1647900,8,1:10.590,1,\N
299,1131,807,210,27,17,19,19,19,0,23,+48.423,1649812,4,1:10.512,1,\N
300,1131,855,15,24,19,20,20,20,0,23,+53.143,1654532,6,1:10.613,1,\N
301,1139,830,9,1,1,1,1,1,8,19,31:06.146,1866146,19,1:37.463,1,\N
302,1139,832,6,55,5,2,2,2,7,19,+3.882,1870028,19,1:37.552,1,\N
303,1139,846,1,4,4,3,3,3,6,19,+6.240,1872386,17,1:38.045,1,\N
304,1139,844,6,16,3,4,4,4,5,19,+6.956,1873102,11,1:37.748,1,\N
305,1139,847,131,63,2,5,5,5,4,19,+15.766,1881912,4,1:38.301,1,\N
306,1139,1,131,44,7,6,6,6,3,19,+18.724,1884870,17,1:38.372,1,\N
307,1139,825,210,20,8,7,7,7,2,19,+25.161,1891307,6,1:38.602,1,\N
308,1139,807,210,27,6,8,8,8,1,19,+26.588,1892734,16,1:38.746,1,\N
309,1139,815,9,11,11,9,9,9,0,19,+29.950,1896096,19,1:38.452,1,\N
310,1139,857,1,81,16,10,10,10,0,19,+37.059,1903205,19,1:37.567,1,\N
311,1139,852,215,22,9,11,11,11,0,19,+38.363,1904509,19,1:39.136,1,\N
312,1139,861,3,43,10,12,12,12,0,19,+39.460,1905606,19,1:39.335,1,\N
313,1139,840,117,18,13,13,13,13,0,19,+41.236,1907382,19,1:39.532,1,\N
314,1139,842,214,10,12,14,14,14,0,19,+41.995,1908141,19,1:39.438,1,\N
315,1139,839,214,31,17,15,15,15,0,19,+42.804,1908950,7,1:38.835,1,\N
316,1139,859,215,30,15,16,16,16,0,19,+44.008,1910154,7,1:39.237,1,\N
317,1139,848,3,23,0,17,17,17,0,19,+44.564,1910710,17,1:39.198,1,\N
318,1139,4,117,14,14,18,18,18,0,19,+46.807,1912953,18,1:39.250,1,\N
319,1139,855,15,24,19,19,19,19,0,19,+52.842,1918988,17,1:39.705,1,\N
320,1139,822,15,77,18,20,20,20,0,19,+54.476,1920622,16,1:39.642,1,\N
321,1141,846,1,4,2,1,1,1,8,24,29:46.045,1786045,15,1:11.917,1,\N
322,1141,857,1,81,1,2,2,2,7,24,+0.593,1786638,17,1:11.783,1,\N
323,1141,844,6,16,3,3,3,3,6,24,+5.656,1791701,3,1:11.914,1,\N
324,1141,830,9,1,4,4,4,4,5,24,+6.497,1792542,18,1:11.852,1,\N
325,1141,832,6,55,5,5,5,5,4,24,+7.224,1793269,17,1:11.975,1,\N
326,1141,847,131,63,6,6,6,6,3,24,+12.475,1798520,12,1:12.142,1,\N
327,1141,842,214,10,7,7,7,7,2,24,+18.161,1804206,19,1:12.400,1,\N
328,1141,815,9,11,13,8,8,8,1,24,+18.717,1804762,24,1:11.678,1,\N
329,1141,859,215,30,8,9,9,9,0,24,+20.773,1806818,18,1:12.596,1,\N
330,1141,848,3,23,9,10,10,10,0,24,+24.606,1810651,24,1:11.692,1,\N
331,1141,1,131,44,11,11,11,11,0,24,+29.764,1815809,21,1:12.546,1,\N
332,1141,861,3,43,14,12,12,12,0,24,+33.233,1819278,15,1:12.701,1,\N
333,1141,839,214,31,16,13,13,13,0,24,+34.128,1820173,16,1:12.882,1,\N
334,1141,860,210,50,10,14,14,14,0,24,+35.507,1821552,4,1:12.974,1,\N
335,1141,852,215,22,17,15,15,15,0,24,+41.374,1827419,14,1:12.838,1,\N
336,1141,822,15,77,15,16,16,16,0,24,+43.231,1829276,24,1:12.698,1,\N
337,1141,855,15,24,0,17,17,17,0,24,+54.139,1840184,3,1:13.559,1,\N
338,1141,4,117,14,0,18,18,18,0,24,+56.537,1842582,16,1:13.111,1,\N
339,1141,840,117,18,0,19,19,19,0,24,+57.983,1844028,3,1:13.560,1,\N
340,1141,807,210,27,12,20,20,20,0,19,\N,\N,16,1:12.879,43,\N
341,1143,857,1,81,3,1,1,1,8,19,27:03.010,1623010,17,1:24.494,1,\N
342,1143,846,1,4,1,2,2,2,7,19,+0.136,1623146,13,1:24.329,1,\N
343,1143,847,131,63,2,3,3,3,6,19,+0.410,1623420,18,1:24.380,1,\N
344,1143,832,6,55,4,4,4,4,5,19,+1.326,1624336,16,1:24.405,1,\N
345,1143,844,6,16,5,5,5,5,4,19,+5.073,1628083,18,1:23.923,1,\N
346,1143,1,131,44,7,6,6,6,3,19,+5.650,1628660,18,1:24.337,1,\N
347,1143,807,210,27,9,7,7,7,2,19,+8.508,1631518,18,1:24.284,1,\N
348,1143,830,9,1,6,8,8,8,1,19,+10.368,1633378,18,1:24.577,1,\N
349,1143,842,214,10,8,9,9,9,0,19,+14.513,1637523,19,1:24.930,1,\N
350,1143,825,210,20,15,10,10,10,0,19,+15.485,1638495,18,1:24.568,1,\N
351,1143,4,117,14,11,11,11,11,0,19,+19.204,1642214,19,1:24.281,1,\N
352,1143,822,15,77,13,12,12,12,0,19,+23.351,1646361,12,1:25.447,1,\N
353,1143,840,117,18,14,13,13,13,0,19,+24.421,1647431,18,1:25.369,1,\N
354,1143,839,214,31,17,14,14,14,0,19,+30.379,1653389,19,1:25.598,1,\N
355,1143,848,3,23,12,15,15,15,0,19,+33.062,1656072,18,1:25.443,1,\N
356,1143,859,215,30,10,16,16,16,0,19,+34.356,1657366,18,1:25.762,1,\N
357,1143,852,215,22,16,17,17,17,0,19,+35.102,1658112,17,1:25.838,1,\N
358,1143,861,3,43,0,18,18,18,0,19,+35.639,1658649,18,1:25.599,1,\N
359,1143,855,15,24,18,19,19,19,0,19,+1:11.436,1694446,19,1:25.051,1,\N
360,1143,815,9,11,0,20,20,20,0,19,+1:14.371,1697381,18,1:24.892,1,\N
361,1146,1,6,44,1,1,1,1,8,19,30:39.965,1839965,2,1:35.399,1,1
362,1146,857,1,81,3,2,2,2,7,19,+6.889,1846854,7,1:35.854,1,4
363,1146,830,9,1,2,3,3,3,6,19,+9.804,1849769,2,1:35.745,1,2
364,1146,847,131,63,5,4,4,4,5,19,+11.592,1851557,4,1:35.891,1,5
365,1146,844,6,16,4,5,5,5,4,19,+12.190,1852155,4,1:36.255,1,6
366,1146,852,215,22,8,6,6,6,3,19,+22.288,1862253,4,1:36.388,1,8
367,1146,863,131,12,7,7,7,7,2,19,+23.038,1863003,5,1:36.311,1,7
368,1146,846,1,4,6,8,8,8,1,19,+23.471,1863436,4,1:36.708,1,11
369,1146,840,117,18,10,9,9,9,0,19,+24.916,1864881,4,1:36.435,1,9
370,1146,4,117,14,11,10,10,10,0,19,+38.218,1878183,8,1:37.058,1,12
371,1146,848,3,23,9,11,11,11,0,19,+39.292,1879257,7,1:37.344,1,15
372,1146,842,214,10,17,12,12,12,0,19,+39.649,1879614,3,1:37.481,1,17
373,1146,865,215,6,15,13,13,13,0,19,+42.400,1882365,3,1:37.549,1,18
374,1146,859,9,30,19,14,14,14,0,19,+44.904,1884869,4,1:37.163,1,14
375,1146,860,210,87,12,15,15,15,0,19,+45.649,1885614,3,1:37.135,1,13
376,1146,839,210,31,18,16,16,16,0,19,+46.182,1886147,3,1:37.554,1,19
377,1146,832,3,55,13,17,17,17,0,19,+51.376,1891341,13,1:35.819,1,3
378,1146,864,15,5,14,18,18,18,0,19,+53.940,1893905,3,1:37.475,1,16
379,1146,807,15,27,20,19,19,19,0,19,+56.682,1896647,4,1:36.529,1,10
380,1146,862,214,7,16,20,20,20,0,19,+1:10.212,1910177,3,1:37.686,1,20
381,1150,846,1,4,3,1,1,1,8,18,36:37.647,2197647,4,1:40.334,1,5
382,1150,857,1,81,2,2,2,2,7,18,+0.672,2198319,7,1:40.238,1,4
383,1150,1,6,44,7,3,3,3,6,18,+1.073,2198720,13,1:36.368,1,1
384,1150,847,131,63,5,4,4,4,5,18,+3.127,2200774,6,1:40.963,1,7
385,1150,840,117,18,16,5,5,5,4,18,+3.412,2201059,13,1:36.839,1,2
386,1150,852,9,22,20,6,6,6,3,18,+5.153,2202800,13,1:38.078,1,3
387,1150,863,131,12,1,7,7,7,2,18,+5.635,2203282,6,1:41.012,1,8
388,1150,842,214,10,13,8,8,8,1,18,+5.973,2203620,7,1:42.694,1,16
389,1150,807,15,27,11,9,9,9,0,18,+6.153,2203800,5,1:42.871,1,17
390,1150,865,215,6,9,10,10,10,0,18,+7.502,2205149,6,1:42.260,1,13
391,1150,848,3,23,8,11,11,11,0,18,+7.522,2205169,7,1:41.699,1,9
392,1150,839,210,31,12,12,12,12,0,18,+8.998,2206645,6,1:42.550,1,14
393,1150,859,215,30,14,13,13,13,0,18,+9.024,2206671,7,1:41.922,1,11
394,1150,860,210,87,19,14,14,14,0,18,+9.218,2206865,5,1:42.237,1,12
395,1150,864,15,5,18,15,15,15,0,18,+9.675,2207322,6,1:42.989,1,18
396,1150,862,214,7,17,16,16,16,0,18,+9.909,2207556,7,1:43.076,1,19
397,1150,830,9,1,4,17,17,17,0,18,+12.059,2209706,5,1:40.697,1,6
398,1150,4,117,14,10,18,R,18,0,13,\N,\N,7,1:41.782,31,10
399,1150,832,3,55,15,19,R,19,0,12,\N,\N,5,1:42.638,31,15
400,1150,844,6,16,6,20,R,20,0,0,\N,\N,\N,\N,31,\N
401,1157,830,9,1,2,1,1,1,8,15,26:37.997,1597997,6,1:46.052,1,2
402,1157,857,1,81,1,2,2,2,7,15,+0.753,1598750,6,1:46.061,1,3
403,1157,846,1,4,3,3,3,3,6,15,+1.414,1599411,6,1:45.914,1,1
404,1157,844,6,16,4,4,4,4,5,15,+10.176,1608173,2,1:46.343,1,4
405,1157,839,210,31,5,5,5,5,4,15,+13.789,1611786,2,1:46.772,1,7
406,1157,832,3,55,6,6,6,6,3,15,+14.964,1612961,7,1:46.770,1,6
407,1157,860,210,87,7,7,7,7,2,15,+18.610,1616607,2,1:47.038,1,9
408,1157,865,215,6,9,8,8,8,1,15,+19.119,1617116,2,1:46.973,1,8
409,1157,864,15,5,10,9,9,9,0,15,+22.183,1620180,2,1:47.086,1,10
410,1157,859,215,30,11,10,10,10,0,15,+22.897,1620894,2,1:47.249,1,12
411,1157,852,9,22,12,11,11,11,0,15,+24.551,1622548,4,1:47.326,1,15
412,1157,847,131,63,13,12,12,12,0,15,+25.969,1623966,4,1:47.278,1,13
413,1157,840,117,18,15,13,13,13,0,15,+26.595,1624592,5,1:47.307,1,14
414,1157,4,117,14,14,14,14,14,0,15,+29.046,1627043,5,1:47.444,1,17
415,1157,1,6,44,18,15,15,15,0,15,+30.175,1628172,4,1:47.201,1,11
416,1157,848,3,23,16,16,16,16,0,15,+30.941,1628938,6,1:47.419,1,16
417,1157,863,131,12,19,17,17,17,0,15,+31.981,1629978,5,1:46.698,1,5
418,1157,807,15,27,17,18,18,18,0,15,+32.867,1630864,8,1:47.575,1,18
419,1157,861,214,43,20,19,19,19,0,15,+38.072,1636069,15,1:47.944,1,20
420,1157,842,214,10,8,20,R,20,0,12,\N,\N,6,1:47.651,31,19
421,1163,830,9,1,1,1,1,1,8,19,37:58.229,2278229,7,1:36.527,1,1
422,1163,847,131,63,5,2,2,2,7,19,+0.395,2278624,6,1:36.876,1,2
423,1163,832,3,55,7,3,3,3,6,19,+0.791,2279020,6,1:37.510,1,5
424,1163,1,6,44,8,4,4,4,5,19,+1.224,2279453,10,1:37.096,1,3
425,1163,844,6,16,10,5,5,5,4,19,+1.825,2280054,7,1:37.391,1,4
426,1163,848,3,23,9,6,6,6,3,19,+2.576,2280805,7,1:38.220,1,7
427,1163,852,9,22,18,7,7,7,2,19,+2.976,2281205,15,1:38.268,1,8
428,1163,863,131,12,11,8,8,8,1,19,+4.147,2282376,8,1:37.758,1,6
429,1163,859,215,30,15,9,9,9,0,19,+4.804,2283033,10,1:38.654,1,10
430,1163,842,214,10,13,10,10,10,0,19,+5.126,2283355,7,1:38.932,1,13
431,1163,864,15,5,20,11,11,11,0,19,+5.649,2283878,8,1:39.006,1,14
432,1163,865,215,6,12,12,12,12,0,19,+6.228,2284457,8,1:39.057,1,15
433,1163,807,15,27,4,13,13,13,0,19,+6.624,2284853,14,1:39.069,1,16
434,1163,861,214,43,17,14,14,14,0,19,+8.006,2286235,10,1:39.235,1,17
435,1163,860,210,87,16,15,15,15,0,19,+13.576,2291805,8,1:38.435,1,9
436,1163,839,210,31,19,16,R,16,0,15,\N,\N,7,1:38.701,31,11
437,1163,840,117,18,14,17,R,17,0,15,\N,\N,8,1:38.766,31,12
438,1163,846,1,4,2,18,R,18,0,0,\N,\N,\N,\N,31,\N
439,1163,857,1,81,3,19,R,19,0,0,\N,\N,\N,\N,31,\N
440,1163,4,117,14,6,20,R,20,0,0,\N,\N,\N,\N,31,\N
441,1165,846,1,4,1,1,1,1,8,24,53:25.928,3205928,11,1:12.120,1,1
442,1165,863,131,12,2,2,2,2,7,24,+0.845,3206773,10,1:12.138,1,2
443,1165,847,131,63,4,3,3,3,6,24,+2.318,3208246,10,1:12.263,1,4
444,1165,830,9,1,6,4,4,4,5,24,+4.423,3210351,12,1:12.617,1,5
445,1165,844,6,16,8,5,5,5,4,24,+16.483,3222411,23,1:13.111,1,8
446,1165,4,117,14,5,6,6,6,3,24,+18.306,3224234,11,1:13.226,1,11
447,1165,1,6,44,11,7,7,7,2,24,+18.603,3224531,13,1:12.955,1,6
448,1165,842,214,10,13,8,8,8,1,24,+19.366,3225294,13,1:13.155,1,9
449,1165,840,117,18,7,9,9,9,0,24,+23.933,3229861,13,1:13.197,1,10
450,1165,865,215,6,9,10,10,10,0,24,+29.548,3235476,12,1:13.444,1,13
451,1165,839,210,31,18,11,11,11,0,24,+31.000,3236928,12,1:13.791,1,17
452,1165,860,210,87,15,12,12,12,0,24,+36.334,3242262,12,1:13.757,1,16
453,1165,852,9,22,19,13,13,13,0,24,+38.462,3244390,12,1:13.921,1,19
454,1165,832,3,55,20,14,14,14,0,24,+38.951,3244879,22,1:13.712,1,15
455,1165,807,15,27,10,15,15,15,0,24,+42.349,3248277,9,1:12.186,1,3
456,1165,859,215,30,17,16,16,16,0,24,+43.090,3249018,13,1:13.896,1,18
457,1165,848,3,23,12,17,17,17,0,24,+55.456,3261384,5,1:13.372,1,12
458,1165,864,15,5,14,18,18,18,0,23,+-1:59:11.640,3157568,13,1:13.517,31,14
459,1165,857,1,81,3,19,R,19,0,5,\N,\N,5,1:12.992,31,7
460,1165,861,214,43,16,20,R,20,0,5,\N,\N,4,1:14.056,31,20
461,1167,857,1,81,1,1,1,1,8,19,26:51.033,1611033,19,1:23.988,1,4
462,1167,847,131,63,2,2,2,2,7,19,+4.951,1615984,16,1:24.564,1,8
463,1167,846,1,4,3,3,3,3,6,19,+6.279,1617312,18,1:24.507,1,6
464,1167,830,9,1,6,4,4,4,5,19,+9.054,1620087,17,1:24.541,1,7
465,1167,852,9,22,5,5,5,5,4,19,+19.327,1630360,17,1:24.816,1,9
466,1167,863,131,12,7,6,6,6,3,19,+21.391,1632424,19,1:24.464,1,5
467,1167,4,117,14,4,7,7,7,2,19,+24.556,1635589,4,1:25.415,1,11
468,1167,832,3,55,8,8,8,8,1,19,+27.333,1638366,5,1:25.463,1,12
469,1167,865,215,6,11,9,9,9,0,19,+28.206,1639239,5,1:25.404,1,10
470,1167,848,3,23,10,10,10,10,0,19,+28.925,1639958,16,1:25.509,1,13
471,1167,864,15,5,13,11,11,11,0,19,+32.966,1643999,4,1:25.663,1,18
472,1167,860,210,87,12,12,12,12,0,19,+34.529,1645562,5,1:25.593,1,15
473,1167,844,6,16,9,13,13,13,0,19,+35.182,1646215,4,1:25.638,1,17
474,1167,859,215,30,16,14,14,14,0,19,+36.916,1647949,5,1:25.620,1,16
475,1167,839,210,31,15,15,15,15,0,19,+38.838,1649871,5,1:25.555,1,14
476,1167,807,15,27,14,16,16,16,0,19,+39.638,1650671,5,1:25.678,1,19
477,1167,1,6,44,18,17,17,17,0,19,+46.171,1657204,8,1:25.782,1,20
478,1167,842,214,10,19,18,18,18,0,19,+1:09.534,1680567,19,1:23.188,1,1
479,1167,840,117,18,17,19,19,19,0,19,+1:17.960,1688993,15,1:23.585,1,2
480,1167,861,214,43,20,20,20,20,0,19,+1:20.804,1691837,19,1:23.765,1,3
481,1170,847,131,63,1,1,1,1,8,19,33:38.998,2018998,18,1:35.101,1,4
482,1170,844,6,16,6,2,2,2,7,19,+0.674,2019672,18,1:34.753,1,1
483,1170,1,6,44,4,3,3,3,6,19,+2.554,2021552,18,1:34.926,1,3
484,1170,846,1,1,3,4,4,4,5,19,+4.433,2023431,19,1:35.708,1,6
485,1170,863,131,12,2,5,5,5,4,19,+5.688,2024686,18,1:34.760,1,2
486,1170,857,1,81,5,6,6,6,3,19,+6.809,2025807,19,1:35.635,1,5
487,1170,859,215,30,13,7,7,7,2,19,+10.900,2029898,19,1:37.882,1,13
488,1170,860,210,87,9,8,8,8,1,19,+11.271,2030269,18,1:37.374,1,11
489,1170,830,9,3,8,9,9,9,0,19,+11.619,2030617,19,1:35.774,1,7
490,1170,839,210,31,12,10,10,10,0,19,+13.887,2032885,18,1:37.363,1,10
491,1170,842,214,10,7,11,11,11,0,19,+14.780,2033778,17,1:38.349,1,17
492,1170,832,3,55,17,12,12,12,0,19,+15.753,2034751,18,1:37.913,1,14
493,1170,864,217,5,14,13,13,13,0,19,+15.858,2034856,18,1:37.800,1,12
494,1170,861,214,43,16,14,14,14,0,19,+16.393,2035391,18,1:37.278,1,9
495,1170,865,9,6,10,15,15,15,0,19,+16.430,2035428,18,1:36.912,1,8
496,1170,848,3,23,22,16,16,16,0,19,+20.014,2039012,19,1:38.158,1,16
497,1170,4,117,14,18,17,17,17,0,19,+21.599,2040597,19,1:38.487,1,19
498,1170,840,117,18,19,18,18,18,0,19,+21.971,2040969,18,1:38.532,1,20
499,1170,815,216,11,21,19,19,19,0,19,+28.241,2047239,18,1:38.862,1,21
500,1170,807,217,27,11,20,R,20,0,12,\N,\N,5,1:38.027,31,15
501,1170,822,216,77,20,21,R,21,0,12,\N,\N,9,1:39.262,31,22
502,1170,866,215,41,15,22,R,22,0,11,\N,\N,6,1:38.475,31,18
503,1172,846,1,1,1,1,1,1,8,19,29:15.045,1755045,10,1:31.885,1,1
504,1172,857,1,81,3,2,2,2,7,19,+3.766,1758811,16,1:32.079,1,4
505,1172,844,6,16,4,3,3,3,6,19,+6.251,1761296,11,1:31.964,1,3
506,1172,847,131,63,6,4,4,4,5,19,+12.951,1767996,10,1:32.387,1,6
507,1172,830,9,3,5,5,5,5,4,19,+13.639,1768684,19,1:32.201,1,5
508,1172,863,131,12,2,6,6,6,3,19,+13.777,1768822,11,1:31.932,1,2
509,1172,1,6,44,7,7,7,7,2,19,+21.665,1776710,6,1:32.448,1,7
510,1172,842,214,10,10,8,8,8,1,19,+30.525,1785570,10,1:33.072,1,8
511,1172,865,9,6,9,9,9,9,0,19,+35.346,1790391,11,1:33.195,1,10
512,1172,861,214,43,8,10,10,10,0,19,+36.970,1792015,6,1:33.139,1,9
513,1172,839,210,31,16,11,11,11,0,19,+56.972,1812017,6,1:34.409,1,14
514,1172,860,210,87,13,12,12,12,0,19,+57.365,1812410,6,1:34.524,1,15
515,1172,832,3,55,14,13,13,13,0,19,+58.504,1813549,5,1:34.008,1,12
516,1172,859,215,30,15,14,14,14,0,19,+59.358,1814403,10,1:34.204,1,13
517,1172,4,117,14,20,15,15,15,0,19,+1:16.067,1831112,11,1:34.720,1,16
518,1172,815,216,11,17,16,16,16,0,19,+1:16.691,1831736,6,1:35.015,1,18
519,1172,840,117,18,21,17,17,17,0,19,+1:17.626,1832671,10,1:35.009,1,17
520,1172,848,3,23,18,18,18,18,0,19,+1:28.173,1843218,18,1:33.473,1,11
521,1172,822,216,77,19,19,19,19,0,19,+1:29.597,1844642,10,1:35.856,1,19
522,1172,807,217,27,12,20,W,20,0,0,\N,\N,\N,\N,\N,\N
523,1172,866,215,41,22,21,W,21,0,0,\N,\N,\N,\N,\N,\N
524,1172,864,217,5,11,22,D,22,0,19,\N,\N,\N,\N,2,\N
525,1173,847,131,63,1,1,1,1,8,23,28:50.951,1730951,16,1:14.702,1,4
526,1173,846,1,1,3,2,2,2,7,23,+1.272,1732223,11,1:14.596,1,2
527,1173,863,131,12,2,3,3,3,6,23,+1.843,1732794,11,1:14.380,1,1
528,1173,857,1,81,4,4,4,4,5,23,+9.797,1740748,17,1:14.793,1,6
529,1173,844,6,16,6,5,5,5,4,23,+9.929,1740880,11,1:14.741,1,5
530,1173,1,6,44,5,6,6,6,3,23,+10.545,1741496,12,1:14.695,1,3
531,1173,830,9,3,7,7,7,7,2,23,+15.935,1746886,11,1:14.974,1,8
532,1173,866,215,41,9,8,8,8,1,23,+29.710,1760661,14,1:15.653,1,10
533,1173,861,214,43,13,9,9,9,0,23,+31.621,1762572,12,1:15.478,1,9
534,1173,832,3,55,10,10,10,10,0,23,+36.793,1767744,17,1:15.943,1,12
535,1173,859,215,30,18,11,11,11,0,23,+1:01.344,1792295,6,1:16.257,1,16
536,1173,864,217,5,12,12,12,12,0,23,+1:01.814,1792765,9,1:15.980,1,13
537,1173,839,210,31,14,13,13,13,0,23,+1:04.209,1795160,9,1:16.849,1,19
538,1173,815,216,11,16,14,14,14,0,23,+1:10.402,1801353,9,1:16.641,1,18
539,1173,807,217,27,11,15,15,15,0,23,+1:12.158,1803109,20,1:16.297,1,17
540,1173,840,117,18,17,16,16,16,0,22,+13.127,1744078,17,1:17.120,11,20
541,1173,822,216,77,21,17,17,17,0,22,+17.861,1748812,17,1:17.212,11,21
542,1173,860,210,87,19,18,18,18,0,22,+23.846,1754797,22,1:16.210,11,15
543,1173,848,3,23,22,19,19,19,0,22,+53.493,1784444,18,1:15.717,11,11
544,1173,842,214,10,20,20,20,20,0,22,+1:08.477,1799428,12,1:16.150,11,14
545,1173,865,9,6,8,21,21,21,0,20,+18.135,1749086,12,1:14.941,11,7
546,1173,4,117,14,15,22,R,22,0,15,\N,\N,8,1:17.543,31,22
547,1177,863,131,12,2,1,1,1,8,17,26:12.129,1572129,17,1:31.607,1,1
548,1177,1,6,44,1,2,2,2,7,17,+2.745,1574874,5,1:31.908,1,2
549,1177,846,1,1,6,3,3,3,6,17,+9.783,1581912,17,1:32.190,1,5
550,1177,847,131,63,5,4,4,4,5,17,+10.639,1582768,17,1:31.977,1,3
551,1177,844,6,16,4,5,5,5,4,17,+12.620,1584749,17,1:32.158,1,4
552,1177,830,9,3,3,6,6,6,3,17,+16.550,1588679,7,1:32.393,1,7
553,1177,857,1,81,7,7,7,7,2,17,+17.551,1589680,17,1:32.223,1,6
554,1177,859,215,30,9,8,8,8,1,17,+30.233,1602362,16,1:33.051,1,9
555,1177,865,9,6,8,9,9,9,0,17,+30.953,1603082,9,1:33.000,1,8
556,1177,866,215,41,10,10,10,10,0,17,+35.110,1607239,8,1:33.572,1,13
557,1177,842,214,10,11,11,11,11,0,17,+40.273,1612402,17,1:33.880,1,15
558,1177,861,214,43,14,12,12,12,0,17,+41.026,1613155,17,1:33.520,1,12
559,1177,864,217,5,12,13,13,13,0,17,+42.499,1614628,17,1:33.506,1,11
560,1177,860,210,87,16,14,14,14,0,17,+45.784,1617913,17,1:33.574,1,14
561,1177,807,217,27,13,15,15,15,0,17,+46.680,1618809,17,1:33.497,1,10
562,1177,839,210,31,17,16,16,16,0,17,+49.810,1621939,9,1:34.399,1,18
563,1177,832,3,55,15,17,17,17,0,17,+50.379,1622508,17,1:34.186,1,17
564,1177,848,3,23,22,18,18,18,0,17,+50.757,1622886,17,1:33.989,1,16
565,1177,822,216,77,19,19,19,19,0,17,+1:15.117,1647246,17,1:35.371,1,21
566,1177,4,117,14,20,20,20,20,0,17,+1:31.872,1664001,8,1:36.301,1,22
567,1177,840,117,18,21,21,21,21,0,16,+22.277,1594406,16,1:35.028,11,20
568,1177,815,216,11,18,22,22,22,0,16,+33.566,1605695,16,1:34.528,11,19
569,1180,847,131,63,1,1,1,1,8,24,30:25.318,1825318,5,1:14.936,1,2
570,1180,844,6,16,3,2,2,2,7,24,+1.360,1826678,5,1:15.049,1,4
571,1180,846,1,1,2,3,3,3,6,24,+5.196,1830514,5,1:14.881,1,1
572,1180,863,131,12,5,4,4,4,5,24,+5.581,1830899,4,1:14.990,1,3
573,1180,857,1,81,4,5,5,5,4,24,+10.185,1835503,3,1:15.324,1,5
574,1180,830,9,3,6,6,6,6,3,24,+10.529,1835847,8,1:15.443,1,6
575,1180,1,6,44,7,7,7,7,2,24,+12.188,1837506,5,1:15.557,1,7
576,1180,842,214,10,8,8,8,8,1,24,+42.510,1867828,3,1:16.895,1,10
577,1180,864,217,5,9,9,9,9,0,24,+44.437,1869755,5,1:16.922,1,12
578,1180,866,215,41,10,10,10,10,0,24,+44.971,1870289,5,1:16.886,1,9
579,1180,859,9,30,11,11,11,11,0,24,+47.471,1872789,6,1:16.909,1,11
580,1180,861,214,43,13,12,12,12,0,24,+54.466,1879784,4,1:16.718,1,8
581,1180,852,215,22,12,13,13,13,0,24,+56.483,1881801,4,1:16.925,1,13
582,1180,839,210,31,15,14,14,14,0,24,+1:06.098,1891416,4,1:17.138,1,15
583,1180,860,210,87,17,15,15,15,0,24,+1:06.588,1891906,5,1:17.137,1,14
584,1180,848,3,23,16,16,16,16,0,24,+1:14.632,1899950,7,1:17.673,1,19
585,1180,840,117,18,18,17,17,17,0,24,+1:14.650,1899968,8,1:17.713,1,22
586,1180,4,117,14,22,18,18,18,0,24,+1:15.284,1900602,4,1:17.449,1,17
587,1180,822,216,77,19,19,19,19,0,23,+3.909,1829227,5,1:17.710,11,21
588,1180,832,3,55,21,20,20,20,0,23,+37.723,1863041,5,1:17.431,11,16
589,1180,815,216,11,20,21,21,21,0,21,+1:02.477,1887795,3,1:17.462,11,18
590,1180,807,217,27,14,22,R,22,0,7,\N,\N,7,1:17.706,11,20
